{
  "project_info": {
    "project_number": "1009074873977",
    "project_id": "messagingapp-b1001",
    "storage_bucket": "messagingapp-b1001.appspot.com"
  },
  "client": [
    {
      "client_info": {
        "mobilesdk_app_id": "1:1009074873977:android:5f01573a077352760dd6a8",
        "android_client_info": {
          "package_name": "com.serifgungor.messagingapp"
        }
      },
      "oauth_client": [
        {
          "client_id": "1009074873977-q45430mjs9u4eq1kkaegdkbem986ofve.apps.googleusercontent.com",
          "client_type": 3
        }
      ],
      "api_key": [
        {
          "current_key": "AIzaSyAwqnmzF64tEwvcSB2iy6YR-aIebdE8zJE"
        }
      ],
      "services": {
        "appinvite_service": {
          "other_platform_oauth_client": [
            {
              "client_id": "1009074873977-q45430mjs9u4eq1kkaegdkbem986ofve.apps.googleusercontent.com",
              "client_type": 3
            }
          ]
        }
      }
    }
  ],
  "configuration_version": "1"
}