{
  "project_info": {
    "project_number": "299697427466",
    "project_id": "aribilgi-8d788",
    "storage_bucket": "aribilgi-8d788.appspot.com"
  },
  "client": [
    {
      "client_info": {
        "mobilesdk_app_id": "1:299697427466:android:911cc3c4a21588a83d3bf3",
        "android_client_info": {
          "package_name": "com.serifgungor.aribilgiyoklama"
        }
      },
      "oauth_client": [
        {
          "client_id": "299697427466-892pql4bmlrddqnu922a4g8hpulathru.apps.googleusercontent.com",
          "client_type": 3
        }
      ],
      "api_key": [
        {
          "current_key": "AIzaSyAbCyON04N1Bi2mhwOtERkCcPyXHMFcEq4"
        }
      ],
      "services": {
        "appinvite_service": {
          "other_platform_oauth_client": [
            {
              "client_id": "299697427466-892pql4bmlrddqnu922a4g8hpulathru.apps.googleusercontent.com",
              "client_type": 3
            }
          ]
        }
      }
    }
  ],
  "configuration_version": "1"
}